"id","cnpj","natureza_juridica","razao_social","data_inicio_atividades","data_situacao_cadastral","data_situacao_especial","motivo_situacao_cadastral","situacao_cadastral","situacao_especial","nome_fantasia"
1116,"33225613000186","1210",CONSORCIO INTERMUNICIPAL DO ALTO DO RIO GRANDE - CIMARGE,"20190314","20190314","","00","02","",CIMARGE
1436,"31164621000134","1210",CONSORCIO PUBLICO DE MANEJO DE RESIDUOS SOLIDOS DA REGIAO METROPOLITANA B,"20180516","20180516","","00","02","",CONSORCIO PUBLICO DE RESIDUOS SOLIDOS
1447,"37568608000127","1210",CONSORCIO PUBLICO DE MANEJO DOS RESIDUOS SOLIDOS DO VALE DO CURU,"20200623","20231206","","00","02","",CPMRSVC
1205,"41542250000130","1210",CONSORCIO INTERMUNICIPAL MAMPITUBA - CIMA,"20210331","20210331","","00","02","",CONSORCIO MAMPITUBA - CIMA
1244,"43863467000178","1210",CONSORCIO INTERMUNICIPAL MULTIFINALITARIO DOS MUNICIPIOS DO EXTREMO SUL DE MINAS - CIMESMI,"20210921","20210921","","00","02","",""
1226,"53255914000160","1210",CONSORCIO INTERMUNICIPAL MULTIFINALITARIO DE GESTAO PUBLICA DOS MUNICIPIOS DO CENTRO OESTE MINEIRO - CIMGEP,"20230512","20230512","","00","02","",""
1614,"03827511000170","1210",CONSORCIO ROTA DO YUCUMA,"20000519","20050827","","00","02","",ROTA DO YUCUMA
1312,"06271830000130","1210",CONSORCIO INTERMUNICIPAL PARA O DESENVOLVIMENTO DO POLO TURISTICO DO CIRCUITO DAS FRUTAS,"20040517","0","","00","02","",""
1141,"08080287000119","1210",CONSORCIO INTERMUNICIPAL DO SERTAO DE ALAGOAS - CONISA,"20060619","20060619","","00","02","",CONISA
1311,"07316963000148","1210",CONSORCIO INTERMUNICIPAL PARA O DESENVOLVIMENTO DO POLO TURISTICO DO CIRCUITO DAS AGUAS PAULISTA,"20050302","20050302","","00","02","",""
1598,"02270946000101","1210",CONSORCIO INTERMUNICIPAL MULTIFINALITARIO GUANDU - CIM GUANDU,"19971002","19990501","","00","02","",CIM GUANDU
1513,"08146697000115","1210",CONSORCIO PUBLICO INTERMUNICIPAL DE DESENVOLV.DO TERRITORIO NORDESTE DO PARANA,"20060623","20060623","","00","02","",CODENOP
1576,"09595691000198","1210",CONSORCIO PUBLICO INTERMUNICIPAL PARA O FORTALECIMENTO DA PRODUCAO E COMERCIALIZACAO DE PRODUTOS HORTIGRANJEIROS - COINTER,"20080526","20080526","","00","02","",CEASA NOROESTE
1480,"10984874000184","1210",CONSORCIO PUBLICO DOS MUNICIPIOS DO PROCAXIAS,"20090606","20090606","","00","02","",COMPRO
1511,"11881350000120","1210","CONSORCIO PUBLICO INTERMUNICIPAL DE ATENCAO A SANIDADE AGROPECUARIA, DESENVOLVIMENTO RURAL E URBANO SUSTENTAVEL DA REGIAO CENTRAL DO ESTADO DO P","20100429","20100429","","00","02","",CID CENTRO
1293,"15449632000104","1210",CONSORCIO INTERMUNICIPAL PARA GESTAO DE RESIDUOS SOLIDOS E GESTAO AMBIENTAL INTEGRADA,"20120215","20201109","","00","02","",CONSORCIO INTERMUNICIPAL DELTA DO TOCANTINS
1165,"18694089000107","1210",CONSORCIO INTERMUNICIPAL DO VALE DO RIO GAVIAO - CIVALERG,"20130422","20130422","","00","02","",CIVALERG
1484,"26042718000134","1210",CONSORCIO PUBLICO INTERFEDERATIVO DE SAUDE  DO EXTREMO SUL DA BAHIA,"20160503","20160503","","00","02","",CONSAUDE
1284,"28720927000115","1210",CONSORCIO INTERMUNICIPAL PARA CUIDADOS DE CRIANCAS E ADOLESCENTES EM RISCO FAMILIAR DA COMARCA DE SANTA MARIA DO SUACUI - CIALAR,"20170915","20170915","","00","02","",CIALAR
1215,"34629547000172","1210",CONSORCIO INTERMUNICIPAL MULTIFINALITARIO DA AMREC - CIM-AMREC,"20190806","20190806","","00","02","",CIM-AMREC
1498,"35682888000174","1210",CONSORCIO PUBLICO INTERFEDERATIVO DE SAUDE DA REGIAO DE SALVADOR,"20190805","20220222","","00","02","",CONS. PUB. INTER. DE SAUDE BAIA DE TODOS OS SANTOS
1448,"35725178000184","1210",CONSORCIO PUBLICO DE MANEJO DOS RESIDUOS SOLIDOS DO VALE DO JAGUARIBE - UNIDADE II,"20190618","20190618","","00","02","",CONVALE
1437,"44783161000174","1228",CONSORCIO PUBLICO DE MANEJO DE RESIDUOS SOLIDOS DO LITORAL OESTE - CORSOLO,"20211210","20211210","","00","02","",CORSOLO
1556,"46629750000128","1210",CONSORCIO PUBLICO INTERMUNICIPAL DE SEGURANCA PUBLICA DA PARAIBA - UNISEG,"20220516","20240924","","00","02","",UNISEG
1557,"49415044000171","1210",CONSORCIO PUBLICO INTERMUNICIPAL DE SERVICO DE INSPECAO E DESENVOLVIMENTO RURAL E ECONOMICO DAS REGIOES DO BREJO ZONA DA MATA E AGRESTE PARAIBAN,"20230106","20230106","","00","02","",""
1315,"53648896000186","1210",CONSORCIO INTERMUNICIPAL PARA O DESENVOLVIMENTO DO VALE DO MUCURI - CIDMUCURI,"20230919","20230919","","00","02","",""
1183,"02156942000199","1210","CONSORCIO INTERMUNICIPAL DOS MUNICIPIOS DE QUEVEDOS, JARI,SAO MARTINHO DA SERRA E TOROPI","19971008","20210302","","00","02","",""
1280,"04555113000104","1210",CONSORCIO INTERMUNICIPAL PARA CONSERVACAO DA BIODIVERSIDADE DA BACIA DOS RIOS XAMBRE E PIQUIRI,"20010430","20051103","","00","02","",CIBAX
1106,"44846160000121","1210",CONSORCIO INTERMUNICIPAL DE TELEVISAO S NEGRA COINTE,"19720228","20100515","","00","02","",COINTE
1155,"09654487000109","1210",CONSORCIO INTERMUNICIPAL DO TREM REPUBLICANO,"20080626","20080626","","00","02","",CITREM
1393,"14688861000119","1210",CONSORCIO INTERMUNICIPAL VELHO CORONEL - CVC,"20111031","20111031","","00","02","",CONSORCIO INTERMUNICIPAL VELHO CORONEL
1219,"21512443000131","1210",CONSORCIO INTERMUNICIPAL MULTIFINALITARIO DA MICRORREGIAO DO ALTO SAPUCAI - CIMASP,"20141127","20191107","","00","02","",CIMASP
1591,"13461204000252","1210",CONSORCIO PUBLICO PARA O DESENVOLVIMENTO SUSTENTAVEL DA REGIAO SUL DO ESTADO E. SANTO - CONDESUL/ES,"20180227","20180227","","00","02","",""
1120,"36580300000134","1210",CONSORCIO INTERMUNICIPAL DO CENTRO DO ESTADO DE SAO PAULO - CICESP,"20180911","20180911","","00","02","",CONSORCIO CICESP
1603,"35590891000168","1210",CONSORCIO REGIONAL DE RESIDUOS DO ALTO JAGUARIBE - CORRAJ,"20190923","20190923","","00","02","",CORRAJ
1221,"43109606000172","1210",CONSORCIO INTERMUNICIPAL MULTIFINALITARIO DA REGIAO DA AMAI - CIM AMAI,"20191127","20191127","","00","02","",CIM AMAI
1504,"32077528000155","1210",CONSORCIO PUBLICO INTERFEDERATIVO DE SAUDE DE SENHOR DO BONFIM,"20181108","20181108","","00","02","",CONSORCIO PUBLICO INTERFEDERATIVO DE SAUDE
1366,"44988147000107","1210",CONSORCIO INTERMUNICIPAL RIO GRANDE E PARANA - CONGRAPAR,"20210514","20210514","","00","02","",CONGRAPAR
1223,"45291787000126","1210",CONSORCIO INTERMUNICIPAL MULTIFINALITARIO DA REGIAO DA AMUNESC,"20211022","20211022","","00","02","",CIM --AMUNESC
1491,"51680138000110","1210",CONSORCIO PUBLICO INTERFEDERATIVO DE SAUDE DA REGIAO DE ILHEUS,"20230725","20230725","","00","02","",POLICLINICA REGIONAL DE ILHEUS
1199,"04578426000188","1210",CONSORCIO INTERMUNICIPAL IPE,"20010801","20230103","","00","02","",IPE
1191,"04684152000101","1228",CONSORCIO INTERMUNICIPAL ENTRE-RIOS,"20010829","20210707","","00","02","",""
1364,"59756528000138","1210",CONSORCIO INTERMUNICIPAL RIBEIRAO LAJEADO,"19920505","20041224","","00","02","",CONSORCIO LAJEADO
1172,"02117613000139","1210",CONSORCIO INTERMUNICIPAL DOS MUNICIPIOS,"19970828","20051103","","00","02","",""
1121,"07448064000107","1210",CONSORCIO INTERMUNICIPAL DO CENTRO DO TOCANTINS,"20050609","20210902","","00","02","",CI-CENTRO
1298,"08992184000125","1210",CONSORCIO INTERMUNICIPAL PARA GESTAO DOS RESIDUOS SOLIDOS,"20070614","20070614","","00","02","",CIGRES
1530,"11175842000109","1210",CONSORCIO PUBLICO INTERMUNICIPAL DE INFRA ESTRUTURA DO EXTREMO SUL DA BAHIA,"20090819","20090819","","00","02","",CONSORCIO PUBLICO INTERMUNICIPAL DE INFRA ESTRUTURA DO
1249,"21270505000146","1210",CONSORCIO INTERMUNICIPAL MULTIFINATARIO DO ALTO RIO GRANDE,"20140926","20230410","","00","02","",CIMARG
1590,"23388132000138","1210",CONSORCIO PUBLICO PARA O DESENVOLVIMENTO DO CAFE - CONCAFE,"20150922","20150922","","00","02","",CONCAFE MG
1599,"16991840000101","1210",CONSORCIO PUBLICO VALE DO ITAUNINHAS/ES - CIM ITAUNINHAS/ES,"20120809","20120809","","00","02","",CIM ITAUNINHAS/ES
1202,"19471503000173","1210",CONSORCIO INTERMUNICIPAL LAR DE ACOLHIMENTO SAO FRANCISCO,"20130926","20130926","","00","02","",LAR SAO FRANCISCO
1399,"18253417000121","1210",CONSORCIO MULTIFINALITARIO DE CONSERVACAO E DESENVOLVIMENTO SUSTENTAVEL DOS VALES - CONSERVAR MUCURI,"20130515","20130515","","00","02","",CONSERVAR MUCURI
1212,"02034350000285","1210",CONSORCIO INTERMUNICIPAL MULTIFINALITARIO CIS-VERDE,"20170511","20170511","","00","02","",CISVERDE - UNIDADE MANHUACU
1242,"28692509000161","1210",CONSORCIO INTERMUNICIPAL MULTIFINALITARIO DOS MUNICIPIOS DA AMUREL-CIM-AMUREL,"20170829","20170829","","00","02","",CIM-AMUREL
1569,"29385682000180","1210",CONSORCIO PUBLICO INTERMUNICIPAL PARA O DESENVOLVIMENTO SUSTENTAVEL,"20171120","20171120","","00","02","",CIDES VALE DO IVAI
1397,"08061295000207","1210",CONSORCIO METROPOLITANO DE SERVICOS DO PARANA COMESP,"20180103","20180103","","00","02","",COMESP
1421,"02722566000233","1210",CONSORCIO PUBLICO DA REGIAO POLO SUL,"20180220","20180220","","00","02","",UNIDADE ATEND. ESPECIALIZADO POLO CAPARAO - SAUDE FACIL
1656,"05802877000462","1210",INSTITUICAO DE COOPERACAO INTERMUNICIPAL DO MEDIO PARAOPEBA,"20191108","20191108","","00","02","",ICISMEP LOG
1499,"38247590000124","1210",CONSORCIO PUBLICO INTERFEDERATIVO DE SAUDE DA REGIAO DE SERRINHA,"20200227","20200227","","00","02","",CONSORCIO PUBLICO DE SERRINHA
1563,"39610651000139","1210",CONSORCIO PUBLICO INTERMUNICIPAL GEOPARQUE SERIDO,"20200814","20200814","","00","02","",GEOPARQUE SERIDO
1451,"49480481000179","1210",CONSORCIO PUBLICO DE SANEAMENTO BASICO DA REGIAO DO PARANHANA,"20220902","20220902","","00","02","",CONPAR
1555,"50098089000149","1210",CONSORCIO PUBLICO INTERMUNICIPAL DE SAUDE PARA GERENCIAMENTO DOS SERVICOS DE URGENCIA E EMERGENCIA DA REGIAO DO MEDIO PIRACICABA,"20230210","20230210","","00","02","",CISURG MEDIO PIRACICABA
1317,"50835074000116","1210",CONSORCIO INTERMUNICIPAL PARA O DESENVOLVIMENTO REGIONAL DO TOCANTINS DAS REGIOES SUL E CENTRO OESTO DO TOCANTINS - CODER-TO SUL/CENTRO OESTE,"20220606","20220606","","00","02","",CODER-TO SUL/CENTRO OESTE
1194,"04148108000187","1210",CONSORCIO INTERMUNICIPAL FECULA SUL,"20001030","20051103","","00","02","",FECULA SUL
1583,"06346208000143","1210",CONSORCIO PUBLICO PARA DESENVOLVIMENTO DA MICRO REGIAO DO ALTO PARAOPEBA E VERTENTES - CONDAPAV,"20040623","0","","00","02","",URC
1481,"94188208000200","1210",CONSORCIO PUBLICO FRONTEIRA NOROESTE,"19990615","20190122","","00","02","",CODIS
1268,"07339397000190","1210",CONSORCIO INTERMUNICIPAL PARA A GESTAO COMPARTILHADA DA BACIA HIDROGRAFICA DO MEDIO TOCANTINS,"20050228","20191218","","00","02","",CONSORCIO CI - LAGO
1392,"54713813000158","1210",CONSORCIO INTERMUNICIPAL VALES DOS RIOS TIETE-PARANA,"19891030","20050924","","00","02","",""
1185,"02096696000127","1210","CONSORCIO INTERMUNICIPAL DOS MUNICIPIOS DE SEBERI, CAICARACRISTAL DO SUL, VICENTE DUTRA.","19970801","20041224","","00","02","",""
1138,"07078236000190","1210",CONSORCIO INTERMUNICIPAL DO RIBEIRAO PIRAI,"20040303","0","","00","02","",CONIRPI
1325,"11166922000190","1228",CONSORCIO INTERMUNICIPAL PARA O DESENVOLVIMENTO SUSTENTAVEL - CONDESU,"20090914","20090914","","00","02","",CONDESU
1341,"13401522000147","1210",CONSORCIO INTERMUNICIPAL PIQUIRI,"20101201","20101201","","00","02","",""
1575,"14497410000102","1210",CONSORCIO PUBLICO INTERMUNICIPAL PARA O DESENVOLVIMENTO SUSTENTAVEL DA REGIAO LINDEIRA AO PARQUE NACIONAL DO IGUACU - CIDELPARNA,"20100624","20210521","","00","02","",CIDELPARNA
1247,"19193527000108","1210",CONSORCIO INTERMUNICIPAL MULTIFINALITARIO PARA O DESENVOLVIMENTO AMBIENTAL SUSTENTAVEL DO NORTE DE MINAS CODANORTE,"20131021","20131021","","00","02","",CODANORTE
1238,"19493732000199","1210",CONSORCIO INTERFEDERATIVO MINAS GERAIS - CIMINAS,"20131205","20190206","","00","02","",CIMINAS
1217,"19322223000101","1210",CONSORCIO INTERMUNICIPAL MULTIFINALITARIO POTIGUAR,"20131126","20191202","","00","02","",CIM POTIGUAR
1391,"54713813000239","1210",CONSORCIO INTERMUNICIPAL VALES DOS RIOS TIETE-PARANA,"20171107","20171107","","00","02","",""
1558,"30353345000190","1210",CONSORCIO PUBLICO INTERMUNICIPAL DE SERVICO SOCIOASSISTENCIAL DE ALTA COMPLEXIDADE - CISACA,"20180419","20180419","","00","02","",""
1508,"34309190000145","1210",CONSORCIO PUBLICO INTERMUNICIPAL  PARA O DESENVILVIMENTO URBANO - CIMDURB,"20190613","20241008","","00","02","",CIMDURB
1440,"35246981000136","1210",CONSORCIO PUBLICO DE MANEJO DOS RESIDUOS SOLIDOS DA REGIAO DO SERTAO CENTRAL,"20190711","20210319","","00","02","",""
1446,"36310843000131","1210",CONSORCIO PUBLICO DE MANEJO DOS RESIDUOS SOLIDOS DO SERTAO DE INHAMUNS,"20191203","20191203","","00","02","",""
1246,"45847892000107","1210",CONSORCIO INTERMUNICIPAL MULTIFINALITARIO GRANDES SERTOES,"20220322","20220322","","00","02","",CIMGRAS
1343,"04872027000125","1210",CONSORCIO INTERMUNICIPAL PISAFARTS,"20020123","20201021","","00","02","",PISAFARTS
1631,"07975391000109","1210",ECOTRES - CONSORCIO INTERMUNICIPAL DE TRATAMENTO DE RESIDUOS SOLIDOS,"20060314","20060314","","00","02","",ECOTRES
1109,"09267291000153","1210",CONSORCIO INTERMUNICIPAL DE TURISMO COSTA VERDE E MAR,"20070710","20070710","","00","02","",CITMAR
1314,"12731728000172","1210",CONSORCIO INTERMUNICIPAL PARA O DESENVOLVIMENTO DO TERRITORIO REGIONAL DA BACIA DO PARANAPANEMA,"20101020","20220111","","00","02","",CONSORCIO INTERMUNICIPAL G-5
1220,"21425374000129","1210",CONSORCIO INTERMUNICIPAL MULTIFINALITARIO DA REGIAO CENTRAL DE MINAS GERAIS,"20141020","20220627","","00","02","",CIMCENTRAL
1586,"19031366000156","1210",CONSORCIO PUBLICO PARA GESTAO INTEGRADA,"20130814","20130814","","00","02","",CPGI
1584,"08753385000170","1210",CONSORCIO PUBLICO PARA DESENVOLVIMENTO DO ALTO PARAOPEBA,"20070309","20070309","","00","02","",CODAP
1533,"29185021000100","1210",CONSORCIO PUBLICO INTERMUNICIPAL DE INOVACAO E DESENVOLVIMENTO DO ESTADO DE SAO PAULO -  CINDESP,"20171120","20171120","","00","02","",CINDESP
1094,"29367897000178","1210",CONSORCIO INTERMUNICIPAL DE SERVICO SOCIOASSISTENCIAL DE ALTA COMPLEXIDADE VALE DO CARINHANHA - CISSAVAC,"20171219","20210204","","00","02","",CASA LAR VALE DO CARINHANHA
1438,"34967671000148","1210",CONSORCIO PUBLICO DE MANEJO DOS RESIDUOS SOLIDOS DA REGIAO CARIRI ORIENTAL,"20190923","20190923","","00","02","",""
1493,"35366853000126","1210",CONSORCIO PUBLICO INTERFEDERATIVO DE SAUDE DA REGIAO DE ITABERABA E SEABRA,"20191030","20191030","","00","02","",CONSORCIO DE SAUDE DA REGIAO DE ITABERABA E SEABRA
1146,"35746665000123","1210",CONSORCIO INTERMUNICIPAL DO SERVICO SOCIO ASSISTENCIAL DE ALTA COMPLEXIDADE - MODALIDADE ACOLHIMENTO INSTITUCIONAL,"20191009","20210504","","00","02","",CONSORCIO IRMA LUCIANA
1218,"43171298000105","1210",CONSORCIO INTERMUNICIPAL MULTIFINALITARIO DA GRANDE FLORIANOPOLIS  CIM  GRANFPOLIS,"20210709","20210709","","00","02","",CIM - GRANFPOLIS
1582,"45421031000154","1210",CONSORCIO PUBLICO PARA DEFESA E REVITALIZACAO DO RIO DOCE,"20211027","20211027","","00","02","",""
1248,"53512721000147","1228",CONSORCIO INTERMUNICIPAL MULTIFINALITARIO VALE DO PIQUIRI,"20231204","20231204","","00","02","",""
1294,"02351178000102","1210",CONSORCIO INTERMUNICIPAL PARA GESTAO DE RESIDUOS SOLIDOS INTEGRACAO,"19980126","20230106","","00","02","",CONSORCIO INTERMUNICIPAL DE LIXO INTEGRACAO
1367,"04638337000180","1210",CONSORCIO INTERMUNICIPAL RONDON / CASTELO,"20010822","20010822","","00","02","",""
1092,"11177407000105","1210",CONSORCIO INTERMUNICIPAL DE SERVICO SOCIO ASSISTENCIAL DE ALTA COMPLEXIDADE,"20090916","20090916","","00","02","",CASA LAR PEQUENO PRINCIPE
1592,"13461204000171","1210",CONSORCIO PUBLICO PARA O DESENVOLVIMENTO SUSTENTAVEL DA REGIAO SUL DO ESTADO E. SANTO - CONDESUL/ES,"20110223","20110223","","00","02","",CONDESUL/ES
1360,"18155720000191","1210",CONSORCIO INTERMUNICIPAL PUBLICO PARA GESTAO INTEGRADA DOS RESIDUOS SOLIDOS(CIGRES),"20130507","20130507","","00","02","",CIGRES
1234,"21314353000136","1210",CONSORCIO INTERMUNICIPAL MULTIFINALITARIO DO MEDIO RIO DAS VELHAS,"20141017","20141017","","00","02","",CIMEV
1602,"10393006000120","1210",CONSORCIO REGIONAL DE PROMOCAO DA CIDADANIA - MULHERES DAS GERAIS,"20080513","20080513","","00","02","",CONSORCIO MULHERES DAS GERAIS
1389,"27968359000103","1210",CONSORCIO INTERMUNICIPAL VALE SERRA DOURADA-VALECON,"20170531","20220121","","00","02","",VALECON
1243,"36027665000136","1210",CONSORCIO INTERMUNICIPAL MULTIFINALITARIO DOS MUNICIPIOS DA MICRORREGIAO DO MEDIO RIO POMBA,"20200102","20200102","","00","02","",CIMERP
1260,"44493429000133","1210",CONSORCIO INTERMUNICIPAL NOVO VALE,"20211123","20211123","","00","02","",""
1145,"45758212000170","1210",CONSORCIO INTERMUNICIPAL DO SERVICO DE INSPECAO DO CENTRO OESTE MINEIRO - CISICOM,"20220310","20220310","","00","02","",""
1286,"47100634000180","1210",CONSORCIO INTERMUNICIPAL PARA DESENVOLVIMENTO DO ALTO SUACUI GRANDE-CIDASG,"20220628","20220628","","00","02","",CIDASG
1503,"51600361000100","1210",CONSORCIO PUBLICO INTERFEDERATIVO DE SAUDE DA REGIAO DO SERIDO,"20230109","20230109","","00","02","",CIS SERIDO
1091,"52169886000103","1210",CONSORCIO INTERMUNICIPAL DE SERVICO DE ACOLHIMENTO SOCIOASSISTENCIAL,"20221221","20221221","","00","02","",CISAS
1097,"53276822000166","1210",CONSORCIO INTERMUNICIPAL DE SERVICOS DE ACOLHIMENTO PARA CRIANCAS E ADOLESCENTES NAS MODALIDADES FAMILIAR E INSTITUCIONAL,"20230314","20230314","","00","02","",""
1608,"53733311000126","1210",CONSORCIO REGIONAL DE SANEAMENTO DO ESTADO DE ALAGOAS - CORSEAL,"20231228","20231228","","00","02","",CORSEAL
1228,"04536794000163","1210",CONSORCIO INTERMUNICIPAL MULTIFINALITARIO DO ALTO URUGUAI CATARINENSE,"20010602","0","","00","02","",""
1352,"04987255000140","1210",CONSORCIO INTERMUNICIPAL PRO-ESTRADA,"20020410","20240118","","00","02","",CONSORCIO PRO-ESTRADA
1209,"04043821000166","1210",CONSORCIO INTERMUNICIPAL MELHOR ESTRADA,"20000915","20000915","","00","02","",CONSORCIO INTERMUNICIPAL MELHOR ESTRADA
1287,"07051788000104","1210",CONSORCIO INTERMUNICIPAL PARA DESENVOLVIMENTO REGIONAL,"20040930","20040930","","00","02","",CONDER
1123,"04695617000120","1210",CONSORCIO INTERMUNICIPAL DO CONTESTADO - COINCO,"20011004","20011004","","00","02","",COINCO
1270,"11201252000103","1210",CONSORCIO INTERMUNICIPAL PARA ASSISTENCIA DA CRIANCA E DO ADOLESCENTE - CIACA,"20090831","20090831","","00","02","",CIACA
1567,"11884641000172","1210",CONSORCIO PUBLICO INTERMUNICIPAL PARA ASSUNTOS ESTRATEGICOS DO G8 - CIPAE G8,"20100422","20100422","","00","02","",CIPAE G8
1607,"15508976000147","1210",CONSORCIO REGIONAL MULTIFINALITARIO DE SANEAMENTO BASICO CENTRAL DE MINAS - CORESAB CENTRAL DE MINAS,"20120508","20120508","","00","02","",CONSORCIO DE SANEAMENTO BASICO CENTRAL DE MINAS
1166,"17851062000100","1210",CONSORCIO INTERMUNICIPAL DO VALE DO RIO JORDAO (CRJ),"20130327","20130327","","00","02","",CRJ
1259,"18303697000135","1210","CONSORCIO INTERMUNICIPAL NORTE MINEIRO DE DESENVOLVIMENTO REGIONAL DOS VALES DO CARINHANHA, COCHA, PERUACU, JAPORE E SAO FRANCISCO - CIMVALES","20130606","20130606","","00","02","",CIMVALES
1093,"19297980000164","1210",CONSORCIO INTERMUNICIPAL DE SERVICO SOCIOASSISTENCIAL CASA LAR,"20131114","20190401","","00","02","",CASA LAR
1148,"23095152000110","1210",CONSORCIO INTERMUNICIPAL DO SERVICO SOCIOASSISTENCIAL DE ALTA COMPLEXIDADE - MODALIDADE ABRIGO INSTITUCIONAL,"20150619","20150619","","00","02","",ABRIGO INSTITUCIONAL
1442,"32192760000134","1210",CONSORCIO PUBLICO DE MANEJO DOS RESIDUOS SOLIDOS DA REGIAO SERTAO CENTRO SUL,"20180519","20180519","","00","02","",CONSCENSUL
1225,"34363129000186","1210",CONSORCIO INTERMUNICIPAL MULTIFINALITARIO DE GESTAO PUBLICA DA AMESC,"20190715","20190715","","00","02","",CIMGEPA
1390,"54713813000310","1210",CONSORCIO INTERMUNICIPAL VALES DOS RIOS TIETE-PARANA,"20190730","20190730","","00","02","",""
1396,"08061295000380","1210",CONSORCIO METROPOLITANO DE SERVICOS DO PARANA COMESP,"20191118","20191118","","00","02","",CONSORCIO METROPOLITANO DE SAUDE DO PARANA - COMESP
1444,"37828564000127","1210",CONSORCIO PUBLICO DE MANEJO DOS RESIDUOS SOLIDOS DA REGIAO SERTAO DE CRATEUS 2,"20190624","20221208","","00","02","",""
1241,"45129177000120","1210",CONSORCIO INTERMUNICIPAL MULTIFINALITARIO DOS MUNICIPIOS DA AMNAP - CIM AMNAP,"20211220","20211220","","00","02","",CIM - AMNAP
1615,"47203050000130","1210",CONSORCIO SUL FRONTEIRA,"20220422","20220422","","00","02","",CONSORCIO SUL FRONTEIRA
1276,"54129572000102","1210",CONSORCIO INTERMUNICIPAL PARA ATERRO SANITARIO,"19860221","20061202","","00","02","",CIPAS
1117,"15325165000100","1210",CONSORCIO INTERMUNICIPAL DO ALTO E MEDIO CARANGOLA PARA GESTAO E MANEJO DOS RESIDUOS SOLIDOS,"20111128","20111128","","00","02","",""
1171,"11110361000107","1210",CONSORCIO INTERMUNICIPAL DOM MARIANO,"20090812","20090812","","00","02","",CONDOMAR
1224,"15605955000140","1210",CONSORCIO INTERMUNICIPAL MULTIFINALITARIO DA REGIAO SERIDO RN,"20120316","20120316","","00","02","",CIM SERIDO
1405,"10798430000154","1210",CONSORCIO MUNICIPAL PARA ATERRO DE RESIDUOS SOLIDOS - UNIDADE CRATO - COMARES-UC,"20090324","20190131","","00","02","",""
1429,"30681474000107","1228",CONSORCIO PUBLICO DE DESENVOLVIMENTO SUSTENTAVEL DO TERRITORIO DOS MUNICIPIOS DO SEMIARIDO - BAHIA - CDS DO SEMIARIDO,"20180412","20180412","","00","02","",CDS DO SEMIARIDO BAHIA
1282,"32137466000120","1210",CONSORCIO INTERMUNICIPAL PARA CUIDADOS DE CRIANCA E ADOLESCENTES EM RISCO FAMILIAR E SOCIAL,"20181016","20181016","","00","02","",""
1439,"32456383000101","1210",CONSORCIO PUBLICO DE MANEJO DOS RESIDUOS SOLIDOS DA REGIAO DO LITORAL NORTE,"20181214","20181214","","00","02","",""
1435,"35264181000148","1210",CONSORCIO PUBLICO DE MANEJO DE RESIDUOS SOLIDOS DA REGIAO CARIRI OESTE,"20190704","20190704","","00","02","",CONSORCIO PUB.DE MAN. DOS RESID. DA REGIAO CARIRI OESTE
1300,"35413198000110","1210",CONSORCIO INTERMUNICIPAL PARA GESTAO INTEGRADA DE RESIDUOS SOLIDOS - CONCISSS,"20171207","20211006","","00","02","",CONCISSS
1147,"35722683000175","1228",CONSORCIO INTERMUNICIPAL DO SERVICO SOCIOASSISTENCIAL DE ALTA COMPLEXIDADE - MODALIDADE ABRIGO INSTITUCIONAL,"20190906","20190906","","00","02","",ABRIGO AQUI SOU FELIZ
1100,"39683725000167","1210",CONSORCIO INTERMUNICIPAL DE SERVICOS SOCIASSISTENCIAL DO ALTO ACRE - CISAC,"20200812","20220621","","00","02","",CISAC
1485,"35749648000140","1210",CONSORCIO PUBLICO INTERFEDERATIVO DE SAUDE COSTA DO DESCOBRIMENTO.,"20191022","20191022","","00","02","",CONSORCIO PUBLICO INTERFEDERATIVO DE SAUDE DA REGIAO DE
1441,"44894047000111","1210",CONSORCIO PUBLICO DE MANEJO DOS RESIDUOS SOLIDOS DA REGIAO SERTAO CENTRAL 2 CONSERCE 2,"20210601","20241015","","00","02","",""
1414,"45082421000147","1210",CONSORCIO PUBLICO AGENCIA AMBIENTAL DO VALE DO PARAIBA,"20211213","20211213","","00","02","",""
1566,"11248927000161","1210",CONSORCIO PUBLICO INTERMUNICIPAL P O DES. SUST. DA REG. FRON. DO SUD. DO PARANA - CIFRA,"20091021","20091021","","00","02","",CIFRA
1299,"11316986000120","1210",CONSORCIO INTERMUNICIPAL PARA GESTAO DOS RESIDUOS SOLIDOS URBANOS - CONCASS,"20091014","20091014","","00","02","",CONCASS
1509,"11759979000100","1210",CONSORCIO PUBLICO INTERMUNICIPAL CASA LAR,"20100308","20100308","","00","02","",CASA LAR
1471,"12116566000162","1210",CONSORCIO PUBLICO DE SAUDE DA MICRORREGIAO DE TAUA - CPSMT,"20100503","20100503","","00","02","",CPSMT
1514,"19207127000104","1210",CONSORCIO PUBLICO INTERMUNICIPAL DE DESENVOLVIMENTO  REGIONAL DE PERNAMBUCO - CONIDER,"20131011","20200108","","00","02","",CONIDER
1114,"19904298000192","1210",CONSORCIO INTERMUNICIPAL DO AGRESTE ALAGOANO - CONAGRESTE,"20140117","20140117","","00","02","",CONAGRESTE
1233,"21345989000145","1210",CONSORCIO INTERMUNICIPAL MULTIFINALITARIO DO MEDIO ESPINHACO - CIMME,"20141024","20190327","","00","02","",CONSORCIO INTERM MULTIFINALITARIO DO M ESPINHACO -CIMME
1528,"26469179000114","1210",CONSORCIO PUBLICO INTERMUNICIPAL DE GESTAO DOS REGIMES PROPRIOS DE PREVIDENCIA SOCIAL DOS MUNICIPIOS MATO-GROSSENSES - CONSPREV,"20161014","20190708","","00","02","",CONSPREV
1581,"29549541000155","1210",CONSORCIO PUBLICO PARA A GESTAO INTEGRADA DE CASA DE ACOLHIMENTO INSTITUCIONAL,"20180112","20210316","","00","02","",CONSORCIO PUBLICO PARA A GESTAO INTEGRADA DE CASA DE AC
1494,"32237122000192","1210",CONSORCIO PUBLICO INTERFEDERATIVO DE SAUDE DA REGIAO DE ITABUNA - CISCAU,"20181101","20181101","","00","02","",CISCAU
1252,"01999898000205","1210",CONSORCIO INTERMUNICIPAL MULTISSETORIAL DO ENTORNO DO CAPARAO - CIS CAPARAO,"20191106","20191106","","00","02","",CENTRO - CIS
1445,"44678797000156","1210",CONSORCIO PUBLICO DE MANEJO DOS RESIDUOS SOLIDOS DA SERRA DA IBIAPABA,"20200624","20200624","","00","02","",CPMRS-RI
1229,"46125774000140","1210",CONSORCIO INTERMUNICIPAL MULTIFINALITARIO DO BAIXO SAPUCAI - CIMBASP,"20220317","20220317","","00","02","",CIMBASP
1227,"53249431000152","1210",CONSORCIO INTERMUNICIPAL MULTIFINALITARIO DE MINAS GERAIS - COMGRANBEL,"20231023","20231023","","00","02","",CONSORCIO INTERMUNICIPAL MULTIFINALITARIO DE MINAS GERA
1277,"05493726000127","1210",CONSORCIO INTERMUNICIPAL PARA ATERRO SANITARIO - CIAS,"20021114","0","","00","02","",CONSORCIO INTERMUNICIPAL PARA ATERRO SANITARIO - CIAS
1361,"02375463000163","1210",CONSORCIO INTERMUNICIPAL QUIRIRI,"19971218","20190220","","00","02","",CONSORCIO QUIRIRI
1372,"04894776000153","1210",CONSORCIO INTERMUNICIPAL SERRA DA MANTIQUEIRA,"20020124","20020124","","00","02","",""
1585,"08917588000154","1210",CONSORCIO PUBLICO PARA GESTAO DA ENERGIA ELETRICA E SERVICOS PUBLICOS,"20070614","20070614","","00","02","",CIGIP
1295,"09230005000185","1210",CONSORCIO INTERMUNICIPAL PARA GESTAO DE RESIDUOS SOLIDOS URBANOS,"20071011","20220908","","00","02","",CONRESOL
1594,"11451059000112","1210",CONSORCIO PUBLICO PARA TRATAMENTO E DESTINACAO FINAL DE RESIDUOS SOLIDOS DA REGIAO NORTE DO PROJETO ESPIRITO SANTO SEM LIXAO - CONORTE,"20090727","20241226","","00","02","",CONORTE
1657,"05802877000381","1210",INSTITUICAO DE COOPERACAO INTERMUNICIPAL DO MEDIO PARAOPEBA,"20111022","20111022","","00","02","",CISMEP
1306,"16869135000128","1210",CONSORCIO INTERMUNICIPAL PARA O DESENVOLVIMENTO AMBIENTAL SUSTENTAVEL - INTER-AMBIENTAL,"20120911","20190225","","00","02","",INTER-AMBIENTAL
1534,"18273727000108","1210",CONSORCIO PUBLICO INTERMUNICIPAL DE INOVACAO E DESENVOLVIMENTO DO ESTADO DO PARANA - CINDEPAR,"20130426","20130426","","00","02","",CINDEPAR
1214,"21406451000101","1210",CONSORCIO INTERMUNICIPAL MULTIFINALITARIO DA AMAG,"20141024","20141024","","00","02","",CIMAG
1573,"18720497000188","1210",CONSORCIO PUBLICO INTERMUNICIPAL PARA O DESENVOLVIMENTO SUSTENTAVEL DA REGIAO DO VALE DO MEDIO IVAI DO ESTADO DO PARANA - CIMEIV,"20130620","20220712","","00","02","",CIMEIV
1283,"21990202000106","1210",CONSORCIO INTERMUNICIPAL PARA CUIDADOS DE CRIANCAS E ADOLESCENTES EM RISCO FAMILIAR,"20140919","20240912","","00","02","",""
1501,"29707393000150","1210",CONSORCIO PUBLICO INTERFEDERATIVO DE SAUDE DA REGIAO DO BAIXO SUL,"20170720","20170720","","00","02","",CONSORCIO DE SAUDE DO BAIXO SUL
1506,"32104619000132","1210",CONSORCIO PUBLICO INTERFEDERATIVO DE SAUDE PIEMONTE DA CHAPADA NORTE,"20181003","20181003","","00","02","",CONSORCIO PUBLICO INTERFEDERATIVO DE SAUDE DA REGIAO DE
1222,"32980376000104","1210",CONSORCIO INTERMUNICIPAL MULTIFINALITARIO DA REGIAO DA AMFRI - CIM-AMFRI,"20190301","20190301","","00","02","",CIM-AMFRI
